HRV_ULF,HRV_VLF,HRV_LF,HRV_HF,HRV_VHF,HRV_TP,HRV_LFHF,HRV_LFn,HRV_HFn,HRV_LnHF,window_start_sec,start_unix,end_unix,label
,,0.01574526768059009,0.0803657803107414,0.025333252422558777,0.12144430041389027,0.19592004979867825,0.1296501163655204,0.6617501194938705,-2.521166811423881,330.0,1594914467.0,1594914527.0,2
,,0.029288758791121472,0.09963173156954591,0.03775232283662669,0.16667281319729407,0.2939701873060095,0.1757260721126232,0.5977683442086609,-2.306274575074938,360.0,1594914497.0,1594914557.0,2
,,0.03037181529048248,0.13348142236039806,0.02286397403722514,0.18671721168810568,0.2275358979055451,0.16266210820037236,0.7148854738863967,-2.0137929691743324,390.0,1594914527.0,1594914587.0,2
,,0.05371673406664803,0.11531072407692218,0.020400766527416937,0.18942822467098713,0.4658433506220492,0.28357302170754756,0.6087304269319016,-2.1601248458248272,420.0,1594914557.0,1594914617.0,2
,,0.031657124452823926,0.09084911817271507,0.03069845751788818,0.15320470014342719,0.3484582469214499,0.20663285410426155,0.5929917168837766,-2.3985551905963645,450.0,1594914587.0,1594914647.0,2
,,0.04819475349298026,0.014652890918457936,0.00020280221243349167,0.06305044662387169,3.28909522094854,0.7643840142875867,0.23239947856150742,-4.223117630668574,480.0,1594914617.0,1594914677.0,2
,,0.054619625296182486,0.06296398113544312,0.011047191568510011,0.1286307980001356,0.8674741385664462,0.42462323289112225,0.48949382351944004,-2.7651924440982225,510.0,1594914647.0,1594914707.0,2
,,0.027578421580696965,0.04965213754485681,0.008078731329325232,0.085309290454879,0.555432715374681,0.32327571163287877,0.5820249738346887,-3.0027138371547006,540.0,1594914677.0,1594914737.0,2
,,0.02734404481395163,0.06323016923819127,0.012408962237035349,0.10298317628917825,0.4324525008140531,0.2655195324056539,0.61398542477113,-2.7609737303662287,570.0,1594914707.0,1594914767.0,2
