HRV_ULF,HRV_VLF,HRV_LF,HRV_HF,HRV_VHF,HRV_TP,HRV_LFHF,HRV_LFn,HRV_HFn,HRV_LnHF,window_start_sec,start_unix,end_unix,label
,,0.04198455380252105,0.10513565229871283,0.003572363478873076,0.15069256958010696,0.39933697926973405,0.2786106436402785,0.6976830549221178,-2.252503835989368,360.0,1593006605.0,1593006665.0,1
,,0.058525464456741165,0.0988421551505126,0.004500155737443268,0.16186777534469704,0.5921103639193327,0.36156340773888646,0.6106351615695494,-2.3142310936628507,390.0,1593006635.0,1593006695.0,1
,,0.03283575189803912,0.03387201843583926,0.001737365427111829,0.06844513576099019,0.9694064131500446,0.47973828282993364,0.49487838776622556,-3.3851660203101566,420.0,1593006665.0,1593006725.0,1
,,0.012510314970138327,0.06029778860632915,0.010986570464604916,0.0837946740410724,0.2074755187427418,0.149297256816183,0.7195897507373067,-2.80845984911668,450.0,1593006695.0,1593006755.0,1
,,0.03520792620038245,0.06785574114940333,0.00724401436798762,0.1103076817177734,0.5188643673180487,0.31917927792611334,0.6151497347484371,-2.6903712809617977,480.0,1593006725.0,1593006785.0,1
,,0.06298200293095126,0.11208897857149361,0.00925796782886459,0.18432894933130947,0.561892915196649,0.3416826448554674,0.6080921036989525,-2.1884622715654265,510.0,1593006755.0,1593006815.0,1
,,0.027316355128330888,0.026006082890336204,0.0008868856133124603,0.054209323631979556,1.050383298535189,0.5039051089030048,0.4797345022581043,-3.6494248110037777,540.0,1593006785.0,1593006845.0,1
,,0.023805794579653886,0.0038506528743805094,0.00011866409138455627,0.02777511154541895,6.182274891107588,0.8570908721905839,0.13863681044390302,-5.559512567297956,570.0,1593006815.0,1593006875.0,1
