HRV_ULF,HRV_VLF,HRV_LF,HRV_HF,HRV_VHF,HRV_TP,HRV_LFHF,HRV_LFn,HRV_HFn,HRV_LnHF,window_start_sec,start_unix,end_unix,label
,,0.05318542946790134,0.0875188947322681,0.04707272378594366,0.18777704798611308,0.6077022525318976,0.2832371157088093,0.46607876559408096,-2.435900569132861,0.0,1595344020.0,1595344080.0,2
,,0.0037185690967879827,0.059221961482592185,0.03718614167003709,0.10012667224941725,0.06279037376837013,0.03713864660881731,0.5914703859833599,-2.826462834895169,30.0,1595344050.0,1595344110.0,2
,,0.05274470052342191,0.18867098621277653,0.02314258179927173,0.2645582685354702,0.2795591499370141,0.19936893605859932,0.7131547513415963,-1.6677505945884294,60.0,1595344080.0,1595344140.0,2
,,0.053169287581768525,0.15654161578782846,0.00964206626768976,0.21935296963728676,0.3396495386494061,0.24239146463203629,0.7136516822483843,-1.854433388774031,90.0,1595344110.0,1595344170.0,2
,,0.007488152165950697,0.08179040353671962,0.03304472327389298,0.12232327897656331,0.09155294315902118,0.0612160843675994,0.6686413593637427,-2.5035953584325386,120.0,1595344140.0,1595344200.0,2
,,0.04312980292789584,0.09292820247881406,0.018280802431393125,0.15433880783810303,0.464119629751029,0.2794488536748176,0.6021052240878592,-2.375928100343812,150.0,1595344170.0,1595344230.0,2
,,0.04492465745619614,0.13187260222247804,0.014427764334198009,0.1912250240128722,0.34066710369759134,0.23493085012331894,0.6896200060803817,-2.025918957116323,180.0,1595344200.0,1595344260.0,2
