HRV_ULF,HRV_VLF,HRV_LF,HRV_HF,HRV_VHF,HRV_TP,HRV_LFHF,HRV_LFn,HRV_HFn,HRV_LnHF,window_start_sec,start_unix,end_unix,label
,,0.007904335018899028,0.001110002799422366,4.251610471774391e-05,0.009056853923039138,7.121004580359943,0.8727462191690768,0.12255942392961673,-6.803392741658943,7590.0,1594397645.0,1594397705.0,2
,,0.03855991254309554,0.0035599659722352155,7.671269779449304e-05,0.04219659121312525,10.831539639376023,0.9138158186365888,0.0843661980716558,-5.638004292524774,7620.0,1594397675.0,1594397735.0,2
,,,0.1747951833007687,0.01688153107950293,0.19167671438027165,,,0.9119270635763753,-1.7441403716279547,7650.0,1594397705.0,1594397765.0,2
,,0.019528675327608495,0.15257135634485952,0.03702671768782321,0.20912674936029121,0.12799699626099878,0.0933820058282634,0.7295640410017755,-1.8801228819125377,7680.0,1594397735.0,1594397795.0,2
,,0.009340639839537168,0.002155832646707738,3.3054882204792934e-05,0.011529527368449699,4.332729562195678,0.8101494138517443,0.18698360980582146,-6.139578251068854,7710.0,1594397765.0,1594397825.0,2
,,0.007618546702914484,0.0026156152943030094,2.7263462715986806e-05,0.01026142545993348,2.9127168355026076,0.7424452609105511,0.2548978506461777,-5.9462559149540555,7740.0,1594397795.0,1594397855.0,2
,,0.02442367018840382,0.08968201319609594,0.014248146404875131,0.12835382978937487,0.27233632830029997,0.19028392240794367,0.698709289339178,-2.411485051807221,7770.0,1594397825.0,1594397885.0,2
,,0.04772706089509694,0.05808209676520004,0.006109316794054974,0.11191847445435196,0.8217172511529003,0.42644488434805566,0.5189679098859582,-2.845897807788032,7800.0,1594397855.0,1594397915.0,2
,,0.05379356589657598,0.03649650956924367,0.004706757174139133,0.09499683263995878,1.473937275961011,0.5662669417669474,0.3841865939632606,-3.3105386512062625,7830.0,1594397885.0,1594397945.0,2
