HRV_ULF,HRV_VLF,HRV_LF,HRV_HF,HRV_VHF,HRV_TP,HRV_LFHF,HRV_LFn,HRV_HFn,HRV_LnHF,window_start_sec,start_unix,end_unix,label
,,0.020411604798774373,0.08602159953968463,0.006435750804481995,0.11286895514294101,0.237284646042391,0.18084339287915296,0.7621369350920633,-2.4531568568251854,3870.0,1595944147.0,1595944207.0,2
,,0.05176830192001396,0.0962428084000118,0.006004674311598876,0.15401578463162463,0.5378926777037775,0.33612335283577277,0.6248892516452493,-2.340881026527722,3900.0,1595944177.0,1595944237.0,2
,,0.05081928301956945,0.03455390441351388,0.0019545356388672064,0.08732772307195054,1.470724767059732,0.581937570703621,0.39568081243850173,-3.365234727526309,3930.0,1595944207.0,1595944267.0,2
