HRV_ULF,HRV_VLF,HRV_LF,HRV_HF,HRV_VHF,HRV_TP,HRV_LFHF,HRV_LFn,HRV_HFn,HRV_LnHF,window_start_sec,start_unix,end_unix,label
,,0.04277411803062619,0.0699023955529457,0.016971955748398524,0.1296484693319704,0.6119120481103981,0.3299238182373079,0.5391686914093652,-2.6606553591858995,2550.0,1594999368.0,1594999428.0,2
,,0.03943292602374527,0.10450334340512153,0.013022199742481588,0.1569584691713484,0.3773365017698824,0.2512315915918952,0.6658025142373002,-2.2585362137816953,2580.0,1594999398.0,1594999458.0,2
,,0.0274178002516089,0.11188298107506,0.007489634120757035,0.14679041544742594,0.24505782727772382,0.186781951451243,0.7621954112878148,-2.190301765713225,2610.0,1594999428.0,1594999488.0,2
,,0.03451935653052831,0.09453729439878152,0.005481064881317888,0.1345377158106277,0.3651400936535923,0.25657754275475425,0.7026824695897923,-2.3587608726136033,2640.0,1594999458.0,1594999518.0,2
,,0.04040885756794154,0.08951337655808062,0.003794452730830215,0.13371668685685237,0.45142814539816084,0.3021975679909001,0.6694256241474732,-2.4133672061196694,2670.0,1594999488.0,1594999548.0,2
,,0.05348339710889498,0.040644450860324054,0.001183705794510267,0.0953115537637293,1.315884357564391,0.5611428520143171,0.42643781635413075,-3.2028929625078133,2700.0,1594999518.0,1594999578.0,2
,,0.05409468494362692,0.032675007833516574,0.0007200313933161796,0.08748972417045968,1.6555370153006967,0.6182975824478782,0.3734725208397568,-3.4211447797315104,2730.0,1594999548.0,1594999608.0,2
