HRV_ULF,HRV_VLF,HRV_LF,HRV_HF,HRV_VHF,HRV_TP,HRV_LFHF,HRV_LFn,HRV_HFn,HRV_LnHF,window_start_sec,start_unix,end_unix,label
,,0.03309269877323616,0.14163556734391575,0.02373163447600942,0.19845990059316135,0.23364681198248277,0.16674753274756243,0.7136734772142495,-1.9544979474560717,0.0,1594125017.0,1594125077.0,0
,,0.06040426812821841,0.10647345598056447,0.054336237060825986,0.22121396116960887,0.567317624584709,0.2730581189760683,0.48131435926383187,-2.239859564517126,30.0,1594125047.0,1594125107.0,0
,,0.028010426130653788,0.08373630966245192,0.06588672360665254,0.17763345939975825,0.3345075301690051,0.15768665557324563,0.47139941959924403,-2.480082588356093,60.0,1594125077.0,1594125137.0,0
,,0.023946453078127743,0.09515241178359099,0.05024024551862755,0.1693391103803463,0.2516641736059212,0.14141123703994016,0.5619045214650809,-2.3522753383873716,90.0,1594125107.0,1594125167.0,0
