HRV_ULF,HRV_VLF,HRV_LF,HRV_HF,HRV_VHF,HRV_TP,HRV_LFHF,HRV_LFn,HRV_HFn,HRV_LnHF,window_start_sec,start_unix,end_unix,label
,,0.048439343941194875,0.06304480636253745,0.0033261036442192855,0.11481025394795161,0.7683320282188788,0.42190781986384684,0.5491217395191753,-2.7639095932783118,7740.0,1594655390.0,1594655450.0,2
,,0.052019712175369964,0.03454953163911593,0.0005194593037439486,0.08708870311822983,1.505656074262808,0.5973187142854691,0.39671657060057713,-3.3653612848917187,7770.0,1594655420.0,1594655480.0,2
,,0.0014451813747307965,0.03647089666930056,0.016755138394599273,0.05467121643863063,0.03962560580385402,0.026434044619311464,0.667095028153247,-3.3112406879735095,7800.0,1594655450.0,1594655510.0,2
,,0.06376273470288504,0.04509441676646529,0.0003523444801839434,0.10920949594953427,1.4139829113013953,0.5838570551808957,0.41291662757333325,-3.098996836889387,7830.0,1594655480.0,1594655540.0,2
,,0.012462228138493297,0.12847077207362242,0.011727624698248063,0.15266062491036378,0.09700438424509195,0.08163354595076903,0.8415449114600135,-2.0520538551985825,7860.0,1594655510.0,1594655570.0,2
