HRV_ULF,HRV_VLF,HRV_LF,HRV_HF,HRV_VHF,HRV_TP,HRV_LFHF,HRV_LFn,HRV_HFn,HRV_LnHF,window_start_sec,start_unix,end_unix,label
,,0.025176155188461675,0.09847511839787859,0.02078520099787105,0.1444364745842113,0.2556600651825572,0.17430607650135585,0.6817884380061098,-2.3179513678118147,1230.0,1593092460.0,1593092520.0,0
,,0.0283026659843593,0.16933621891920117,0.036419198919698706,0.23405808382325916,0.1671388800635966,0.12092154871152015,0.723479472074417,-1.7758690793555345,1260.0,1593092490.0,1593092550.0,0
,,0.0474870932899659,0.09814457889429548,0.009787193438851975,0.15541886562311336,0.483848357443266,0.3055426578979211,0.6314843342911374,-2.3213135926501063,1290.0,1593092520.0,1593092580.0,0
,,0.05599740527627889,0.11765474439984028,0.021530284557248175,0.19518243423336734,0.47594685247860613,0.28689777077647427,0.602793713798896,-2.1400008382313698,1320.0,1593092550.0,1593092610.0,0
,,0.027781446560665616,0.1225617528170742,0.02574425544137752,0.17608745481911733,0.22667305192778994,0.15777073153339405,0.6960277377112046,-2.0991402713862315,1350.0,1593092580.0,1593092640.0,0
,,0.04687232681968881,0.1153571620971486,0.038484409282575925,0.20071389819941335,0.4063235083766628,0.23352805779856955,0.5747343015705814,-2.159722206154225,1380.0,1593092610.0,1593092670.0,0
,,0.04010530620052863,0.1407422933859945,0.02816883208181574,0.2090164316683389,0.2849556109657623,0.19187633182910016,0.6733551628578189,-1.9608247673797217,1410.0,1593092640.0,1593092700.0,0
,,0.003898576921974922,0.12312349559906861,0.021301626376942034,0.14832369889798555,0.03166395579500111,0.026284248241788356,0.8300999537757672,-2.0945673980492523,1440.0,1593092670.0,1593092730.0,0
,,0.028358128033610885,0.1323353488347688,0.017513906352929414,0.17820738322130908,0.21428989520417754,0.15912992784588498,0.7425918412730772,-2.022416056589602,1470.0,1593092700.0,1593092760.0,0
